REQUEST_YRQTR,GEO_CONTINENT,STRIPE,BOOKED_AMOUNT
2000-Q1,APAC,Academic,248141.10365013892
2000-Q1,APAC,Core Test,1388072.3850263003
2000-Q1,APAC,Data Acquisition,1.008217915785771E7
2000-Q1,APAC,Embedded Systems,993684.998437656
2000-Q1,APAC,Global Services,47284.1257100871
2000-Q1,APAC,No Stripe Assigned,655.474695
2000-Q1,APAC,Software,2544754.054877822
2000-Q1,Americas,Academic,255879.5896043803
2000-Q1,Americas,Core Test,7459691.521197639
2000-Q1,Americas,Data Acquisition,2.8673872175373927E7
2000-Q1,Americas,Embedded Systems,4306782.146400731
2000-Q1,Americas,Global Services,338973.6658561787
2000-Q1,Americas,No Stripe Assigned,25.0
2000-Q1,Americas,Software,9497375.789512396
2000-Q1,EMEIA,Academic,330559.7505637488
2000-Q1,EMEIA,Core Test,5581525.122217899
2000-Q1,EMEIA,Data Acquisition,1.6348178730729569E7
2000-Q1,EMEIA,Embedded Systems,2698468.205184452
2000-Q1,EMEIA,Global Services,150186.24453631736
2000-Q1,EMEIA,No Stripe Assigned,4171.845517682899
2000-Q1,EMEIA,Software,5657851.565108329
2000-Q2,APAC,Academic,156704.46468190005
2000-Q2,APAC,Core Test,1331279.2036478752
2000-Q2,APAC,Data Acquisition,9054331.223145662
2000-Q2,APAC,Embedded Systems,1012256.1791018032
2000-Q2,APAC,Global Services,62298.79593616339
2000-Q2,APAC,Software,1913261.4038797093
2000-Q2,Americas,Academic,490676.8321614181
2000-Q2,Americas,Core Test,8964219.560034098
2000-Q2,Americas,Data Acquisition,2.9735736130260848E7
2000-Q2,Americas,Embedded Systems,4788045.885582033
2000-Q2,Americas,Global Services,347976.71765671804
2000-Q2,Americas,No Stripe Assigned,101.25
2000-Q2,Americas,Software,9896120.03107424
2000-Q2,EMEIA,Academic,444661.4148214932
2000-Q2,EMEIA,Core Test,4526696.232576642
2000-Q2,EMEIA,Data Acquisition,1.5248548704877147E7
2000-Q2,EMEIA,Embedded Systems,3124435.156189354
2000-Q2,EMEIA,Global Services,293455.81374505325
2000-Q2,EMEIA,No Stripe Assigned,3394.9136356675463
2000-Q2,EMEIA,Software,4951053.792058326
2000-Q3,APAC,Academic,162261.3448506393
2000-Q3,APAC,Core Test,1350477.740090562
2000-Q3,APAC,Data Acquisition,1.0563201515151989E7
2000-Q3,APAC,Embedded Systems,1309308.1237835672
2000-Q3,APAC,Global Services,91196.61350957092
2000-Q3,APAC,No Stripe Assigned,1404.5970730505924
2000-Q3,APAC,Software,2211848.792012746
2000-Q3,Americas,Academic,452153.68063450564
2000-Q3,Americas,Core Test,1.0533293649405919E7
2000-Q3,Americas,Data Acquisition,3.2130912159911416E7
2000-Q3,Americas,Embedded Systems,4546909.043346273
2000-Q3,Americas,Global Services,255874.04553803842
2000-Q3,Americas,No Stripe Assigned,315.0
2000-Q3,Americas,Software,1.0682177704214983E7
2000-Q3,EMEIA,Academic,334940.5591504183
2000-Q3,EMEIA,Core Test,3909770.967214627
2000-Q3,EMEIA,Data Acquisition,1.4468028819789385E7
2000-Q3,EMEIA,Embedded Systems,2702658.0756184426
2000-Q3,EMEIA,Global Services,177585.49834528743
2000-Q3,EMEIA,No Stripe Assigned,6114.470221550352
2000-Q3,EMEIA,Software,4516758.596107042
2000-Q4,APAC,Academic,216728.69724447862
2000-Q4,APAC,Core Test,1463529.1970554031
2000-Q4,APAC,Data Acquisition,1.0801851057950592E7
2000-Q4,APAC,Embedded Systems,1147597.3791227923
2000-Q4,APAC,Global Services,82568.56093054499
2000-Q4,APAC,Software,3014280.933660767
2000-Q4,Americas,Academic,524661.2025200689
2000-Q4,Americas,Core Test,1.1122333412218634E7
2000-Q4,Americas,Data Acquisition,3.104624869198829E7
2000-Q4,Americas,Embedded Systems,5098620.5047326395
2000-Q4,Americas,Global Services,389101.9131282233
2000-Q4,Americas,No Stripe Assigned,105.0
2000-Q4,Americas,Software,1.2030247020014323E7
2000-Q4,EMEIA,Academic,604343.3255416575
2000-Q4,EMEIA,Core Test,4883943.689604446
2000-Q4,EMEIA,Data Acquisition,1.7906948729527183E7
2000-Q4,EMEIA,Embedded Systems,3491185.304060924
2000-Q4,EMEIA,Global Services,387333.1984935456
2000-Q4,EMEIA,No Stripe Assigned,246.53341710529824
2000-Q4,EMEIA,Software,6491285.448625251
2001-Q1,APAC,Academic,134438.90804660524
2001-Q1,APAC,Core Test,1586204.0097573907
2001-Q1,APAC,Data Acquisition,1.01910131372947E7
2001-Q1,APAC,Embedded Systems,1365069.2503093516
2001-Q1,APAC,Global Services,79197.04172186441
2001-Q1,APAC,No Stripe Assigned,96.534791585291
2001-Q1,APAC,Software,3037297.706582576
2001-Q1,Americas,Academic,468456.29085925396
2001-Q1,Americas,Core Test,9133562.298990693
2001-Q1,Americas,Data Acquisition,3.0194120354934502E7
2001-Q1,Americas,Embedded Systems,5226272.882335443
2001-Q1,Americas,Global Services,365874.4692712676
2001-Q1,Americas,No Stripe Assigned,75.0
2001-Q1,Americas,Software,1.1378527209730517E7
2001-Q1,EMEIA,Academic,485054.30923057284
2001-Q1,EMEIA,Core Test,4726102.228318087
2001-Q1,EMEIA,Data Acquisition,1.8054560052189387E7
2001-Q1,EMEIA,Embedded Systems,3142263.585211715
2001-Q1,EMEIA,Global Services,552837.0402955693
2001-Q1,EMEIA,No Stripe Assigned,1536.7941398391458
2001-Q1,EMEIA,Software,6176372.068163003
2001-Q2,APAC,Academic,152736.78288565794
2001-Q2,APAC,Core Test,1340688.0561254877
2001-Q2,APAC,Data Acquisition,7938229.576329494
2001-Q2,APAC,Embedded Systems,921791.379947092
2001-Q2,APAC,Global Services,82524.98877722511
2001-Q2,APAC,Software,2069260.8061889904
2001-Q2,Americas,Academic,588978.2874644204
2001-Q2,Americas,Core Test,1.016873373513154E7
2001-Q2,Americas,Data Acquisition,2.620559245528211E7
2001-Q2,Americas,Embedded Systems,4832530.200070577
2001-Q2,Americas,Global Services,375329.43195007875
2001-Q2,Americas,No Stripe Assigned,77.87
2001-Q2,Americas,Software,9784491.577860355
2001-Q2,EMEIA,Academic,422054.75875030365
2001-Q2,EMEIA,Core Test,6016255.780718339
2001-Q2,EMEIA,Data Acquisition,1.646887158651679E7
2001-Q2,EMEIA,Embedded Systems,3331577.634588541
2001-Q2,EMEIA,Global Services,307041.8924774639
2001-Q2,EMEIA,No Stripe Assigned,19164.479225539762
2001-Q2,EMEIA,Software,7180691.267567211
2001-Q3,APAC,Academic,158961.74676185875
2001-Q3,APAC,Core Test,1622736.3369629616
2001-Q3,APAC,Data Acquisition,8114095.282973601
2001-Q3,APAC,Embedded Systems,912589.7766080117
2001-Q3,APAC,Global Services,139254.41111681945
2001-Q3,APAC,No Stripe Assigned,416.5154775107195
2001-Q3,APAC,Software,1984359.0841088046
2001-Q3,Americas,Academic,487037.76456489705
2001-Q3,Americas,Core Test,8888518.291065324
2001-Q3,Americas,Data Acquisition,2.452306003847221E7
2001-Q3,Americas,Embedded Systems,4540176.297827103
2001-Q3,Americas,Global Services,373171.748630045
2001-Q3,Americas,No Stripe Assigned,1465.0
2001-Q3,Americas,Software,8255327.421338054
2001-Q3,EMEIA,Academic,374017.182653417
2001-Q3,EMEIA,Core Test,3858716.375017064
2001-Q3,EMEIA,Data Acquisition,1.3530272022930857E7
2001-Q3,EMEIA,Embedded Systems,3184800.7402227195
2001-Q3,EMEIA,Global Services,286933.72705704847
2001-Q3,EMEIA,No Stripe Assigned,25730.277602921302
2001-Q3,EMEIA,Software,5362166.048431734
2001-Q4,APAC,Academic,249534.03182400527
2001-Q4,APAC,Core Test,1632255.6695597928
2001-Q4,APAC,Data Acquisition,8864568.645882107
2001-Q4,APAC,Embedded Systems,968779.7015388758
2001-Q4,APAC,Global Services,60989.84555657609
2001-Q4,APAC,Software,1993520.6283347558
2001-Q4,Americas,Academic,434644.31931955623
2001-Q4,Americas,Core Test,9000215.896380505
2001-Q4,Americas,Data Acquisition,2.3727445306111198E7
2001-Q4,Americas,Embedded Systems,4176489.782109148
2001-Q4,Americas,Global Services,303889.4054367313
2001-Q4,Americas,No Stripe Assigned,0.0
2001-Q4,Americas,RF,20772.0
2001-Q4,Americas,Software,8604419.361759339
2001-Q4,EMEIA,Academic,599570.8533867241
2001-Q4,EMEIA,Core Test,4727098.07225853
2001-Q4,EMEIA,Data Acquisition,1.695213484516726E7
2001-Q4,EMEIA,Embedded Systems,3645104.9755358063
2001-Q4,EMEIA,Global Services,320358.77028687357
2001-Q4,EMEIA,No Stripe Assigned,8724.15393966335
2001-Q4,EMEIA,Software,7561756.108651247
2002-Q1,APAC,Academic,160287.8017542987
2002-Q1,APAC,Core Test,1558431.9952736076
2002-Q1,APAC,Data Acquisition,8598462.588153264
2002-Q1,APAC,Embedded Systems,990255.4355155755
2002-Q1,APAC,Global Services,71824.80791131408
2002-Q1,APAC,RF,5736.535601711879
2002-Q1,APAC,Software,2592700.5166120306
2002-Q1,Americas,Academic,508355.5204399893
2002-Q1,Americas,Core Test,9208547.048633387
2002-Q1,Americas,Data Acquisition,2.510352698535618E7
2002-Q1,Americas,Embedded Systems,4833988.933455494
2002-Q1,Americas,Global Services,345806.8674409187
2002-Q1,Americas,RF,27063.5
2002-Q1,Americas,Software,8598759.651982868
2002-Q1,EMEIA,Academic,580433.7856728261
2002-Q1,EMEIA,Core Test,5431917.085698978
2002-Q1,EMEIA,Data Acquisition,1.4399283590691293E7
2002-Q1,EMEIA,Embedded Systems,2963706.001671159
2002-Q1,EMEIA,Global Services,421254.1413759228
2002-Q1,EMEIA,No Stripe Assigned,1913.0634316105336
2002-Q1,EMEIA,RF,24637.51822081673
2002-Q1,EMEIA,Software,6077122.328706086
2002-Q2,APAC,Academic,291733.028233223
2002-Q2,APAC,Core Test,1605041.745152579
2002-Q2,APAC,Data Acquisition,7640066.8419554215
2002-Q2,APAC,Embedded Systems,995684.5978718877
2002-Q2,APAC,Global Services,93926.63833875547
2002-Q2,APAC,RF,3504.9283146079515
2002-Q2,APAC,Software,2052770.0005182773
2002-Q2,Americas,Academic,579252.1020043909
2002-Q2,Americas,Core Test,9906100.078472603
2002-Q2,Americas,Data Acquisition,2.581881216525021E7
2002-Q2,Americas,Embedded Systems,4744868.407072181
2002-Q2,Americas,Global Services,385004.5885123155
2002-Q2,Americas,No Stripe Assigned,237.0
2002-Q2,Americas,RF,127550.35781667828
2002-Q2,Americas,Software,8916606.446433987
2002-Q2,EMEIA,Academic,512352.3400291447
2002-Q2,EMEIA,Core Test,4436718.58106977
2002-Q2,EMEIA,Data Acquisition,1.499753119576341E7
2002-Q2,EMEIA,Embedded Systems,3266292.860406028
2002-Q2,EMEIA,Global Services,243260.52856303146
2002-Q2,EMEIA,No Stripe Assigned,10060.397221056675
2002-Q2,EMEIA,RF,9976.125493653959
2002-Q2,EMEIA,Software,6262981.082505138
2002-Q3,APAC,Academic,300589.195276615
2002-Q3,APAC,Core Test,1879997.0476083416
2002-Q3,APAC,Data Acquisition,9833204.51880498
2002-Q3,APAC,Embedded Systems,1263702.9274394333
2002-Q3,APAC,Global Services,90666.60875525986
2002-Q3,APAC,RF,8809.009614421419
2002-Q3,APAC,Software,2784761.5456049647
2002-Q3,Americas,Academic,506443.65042586514
2002-Q3,Americas,Core Test,1.0942175211855846E7
2002-Q3,Americas,Data Acquisition,2.537981372594333E7
2002-Q3,Americas,Embedded Systems,4669663.445686692
2002-Q3,Americas,Global Services,353616.97283599665
2002-Q3,Americas,RF,163597.4
2002-Q3,Americas,Software,8984045.558495183
2002-Q3,EMEIA,Academic,421319.0266383052
2002-Q3,EMEIA,Core Test,4877200.624670669
2002-Q3,EMEIA,Data Acquisition,1.4773778571158871E7
2002-Q3,EMEIA,Embedded Systems,3176802.8433909747
2002-Q3,EMEIA,Global Services,328275.31361341773
2002-Q3,EMEIA,No Stripe Assigned,2052.0646073969306
2002-Q3,EMEIA,RF,44258.927778668534
2002-Q3,EMEIA,Software,5600478.68503597
2002-Q4,APAC,Academic,324307.043155787
2002-Q4,APAC,Core Test,2207279.771620261
2002-Q4,APAC,Data Acquisition,1.0955773659076842E7
2002-Q4,APAC,Embedded Systems,1475797.7555906812
2002-Q4,APAC,Global Services,112533.67296509373
2002-Q4,APAC,No Stripe Assigned,8661.54905145836
2002-Q4,APAC,RF,5188.972898745218
2002-Q4,APAC,Software,2482322.1269662
2002-Q4,Americas,Academic,503292.5964450755
2002-Q4,Americas,Core Test,9739115.379079752
2002-Q4,Americas,Data Acquisition,2.4633817797363766E7
2002-Q4,Americas,Embedded Systems,5315616.337318434
2002-Q4,Americas,Global Services,350178.24315059226
2002-Q4,Americas,No Stripe Assigned,1954.6055722013286
2002-Q4,Americas,RF,238411.35
2002-Q4,Americas,Software,8387071.07307968
2002-Q4,EMEIA,Academic,947651.6230352804
2002-Q4,EMEIA,Core Test,7873020.595243099
2002-Q4,EMEIA,Data Acquisition,1.937445181830136E7
2002-Q4,EMEIA,Embedded Systems,4365237.834390825
2002-Q4,EMEIA,Global Services,447125.2339746415
2002-Q4,EMEIA,No Stripe Assigned,5882.879298476464
2002-Q4,EMEIA,RF,30220.937297615546
2002-Q4,EMEIA,Software,8114580.137666523
2003-Q1,APAC,Academic,576221.3673784971
2003-Q1,APAC,Core Test,3388753.211477765
2003-Q1,APAC,Data Acquisition,1.2534679911896849E7
2003-Q1,APAC,Embedded Systems,1636971.7579356676
2003-Q1,APAC,Global Services,138563.38435340088
2003-Q1,APAC,No Stripe Assigned,614.6809349499908
2003-Q1,APAC,RF,41499.59642925879
2003-Q1,APAC,Software,3363996.610830467
2003-Q1,Americas,Academic,609849.3637860989
2003-Q1,Americas,Core Test,9056694.115549188
2003-Q1,Americas,Data Acquisition,2.312643963789262E7
2003-Q1,Americas,Embedded Systems,5327581.569453356
2003-Q1,Americas,Global Services,397134.1547734735
2003-Q1,Americas,RF,167561.3038208023
2003-Q1,Americas,Software,8203141.903308454
2003-Q1,EMEIA,Academic,856526.69094287
2003-Q1,EMEIA,Core Test,6197947.813500829
2003-Q1,EMEIA,Data Acquisition,1.6325079911000568E7
2003-Q1,EMEIA,Embedded Systems,3583360.866198486
2003-Q1,EMEIA,Global Services,398779.4571298647
2003-Q1,EMEIA,Horizontal Products,0.0
2003-Q1,EMEIA,No Stripe Assigned,3360.908577077304
2003-Q1,EMEIA,RF,55400.0686547108
2003-Q1,EMEIA,Software,6674946.03787668
2003-Q2,APAC,Academic,366119.5472614268
2003-Q2,APAC,Core Test,2617684.248026405
2003-Q2,APAC,Data Acquisition,1.0775030367316287E7
2003-Q2,APAC,Embedded Systems,1736611.3986999847
2003-Q2,APAC,Global Services,136369.68526341103
2003-Q2,APAC,No Stripe Assigned,2908.547272194037
2003-Q2,APAC,RF,104702.2669714042
2003-Q2,APAC,Software,2653663.311956271
2003-Q2,Americas,Academic,917887.1636525571
2003-Q2,Americas,Core Test,9005157.640339093
2003-Q2,Americas,Data Acquisition,2.443093786506992E7
2003-Q2,Americas,Embedded Systems,5355741.443276164
2003-Q2,Americas,Global Services,449733.5251347797
2003-Q2,Americas,RF,151469.55
2003-Q2,Americas,Software,9993354.955619076
2003-Q2,EMEIA,Academic,799562.3229035873
2003-Q2,EMEIA,Core Test,6097361.855296236
2003-Q2,EMEIA,Data Acquisition,1.6647336669186287E7
2003-Q2,EMEIA,Embedded Systems,3627274.3329558265
2003-Q2,EMEIA,Global Services,368788.27214597637
2003-Q2,EMEIA,No Stripe Assigned,2389.5224765913376
2003-Q2,EMEIA,RF,80894.47349828186
2003-Q2,EMEIA,Software,7453628.83451959
2003-Q3,APAC,Academic,486434.249247698
2003-Q3,APAC,Core Test,2817461.506756026
2003-Q3,APAC,Data Acquisition,1.3080437095082983E7
2003-Q3,APAC,Embedded Systems,1804109.785966171
2003-Q3,APAC,Global Services,119999.60537617475
2003-Q3,APAC,No Stripe Assigned,39.3235652826121
2003-Q3,APAC,RF,28244.19674733483
2003-Q3,APAC,Software,3703342.1226990568
2003-Q3,Americas,Academic,763532.698901389
2003-Q3,Americas,Core Test,9886774.231751617
2003-Q3,Americas,Data Acquisition,2.4316671643040046E7
2003-Q3,Americas,Embedded Systems,5973235.941711847
2003-Q3,Americas,Global Services,438815.28744118527
2003-Q3,Americas,RF,223856.35
2003-Q3,Americas,Software,1.0256863344021533E7
2003-Q3,EMEIA,Academic,660701.0598932743
2003-Q3,EMEIA,Core Test,5778512.889079065
2003-Q3,EMEIA,Data Acquisition,1.722135465717499E7
2003-Q3,EMEIA,Embedded Systems,3619302.744217338
2003-Q3,EMEIA,Global Services,305920.506512792
2003-Q3,EMEIA,No Stripe Assigned,8364.020331531825
2003-Q3,EMEIA,RF,20734.446910460327
2003-Q3,EMEIA,Software,7022606.999981216
2003-Q4,APAC,Academic,682266.3451135147
2003-Q4,APAC,Core Test,3748015.2688931474
2003-Q4,APAC,Data Acquisition,1.4208005358849304E7
2003-Q4,APAC,Embedded Systems,2139080.8200477213
2003-Q4,APAC,Global Services,132320.69310561309
2003-Q4,APAC,No Stripe Assigned,623.4260259708592
2003-Q4,APAC,RF,63238.20251068759
2003-Q4,APAC,Software,3838184.2088059373
2003-Q4,Americas,Academic,964821.4986933215
2003-Q4,Americas,Core Test,1.1650923228442347E7
2003-Q4,Americas,Data Acquisition,2.5521244435049396E7
2003-Q4,Americas,Embedded Systems,6049978.024118895
2003-Q4,Americas,Global Services,458903.8425484396
2003-Q4,Americas,RF,209316.895
2003-Q4,Americas,Software,1.111601810236942E7
2003-Q4,EMEIA,Academic,1503669.087790474
2003-Q4,EMEIA,Core Test,8612072.032389918
2003-Q4,EMEIA,Data Acquisition,2.2220248873115733E7
2003-Q4,EMEIA,Embedded Systems,5424269.158268501
2003-Q4,EMEIA,Global Services,457022.33700209315
2003-Q4,EMEIA,No Stripe Assigned,2454.09870409497
2003-Q4,EMEIA,RF,130666.86244101937
2003-Q4,EMEIA,Software,1.0276703468754066E7
2004-Q1,APAC,Academic,516244.5698175856
2004-Q1,APAC,Core Test,4632870.806340807
2004-Q1,APAC,Data Acquisition,1.5511383149557203E7
2004-Q1,APAC,Embedded Systems,2294127.418078515
2004-Q1,APAC,Global Services,273398.29527249
2004-Q1,APAC,No Stripe Assigned,594.8067446592069
2004-Q1,APAC,RF,147505.01111155297
2004-Q1,APAC,Software,4720376.696861218
2004-Q1,Americas,Academic,1016130.152715181
2004-Q1,Americas,Core Test,1.3025586777978294E7
2004-Q1,Americas,Data Acquisition,2.7300313659043282E7
2004-Q1,Americas,Embedded Systems,6009131.352679733
2004-Q1,Americas,Global Services,526769.6229741103
2004-Q1,Americas,No Stripe Assigned,31.256497850021606
2004-Q1,Americas,RF,531747.7697912666
2004-Q1,Americas,Software,1.0720348958904209E7
2004-Q1,EMEIA,Academic,1091954.824310992
2004-Q1,EMEIA,Core Test,8576605.112073733
2004-Q1,EMEIA,Data Acquisition,1.9195825234680142E7
2004-Q1,EMEIA,Embedded Systems,4696236.686380405
2004-Q1,EMEIA,Global Services,498107.25998177915
2004-Q1,EMEIA,No Stripe Assigned,3476.0220819577507
2004-Q1,EMEIA,RF,70151.24797976317
2004-Q1,EMEIA,Software,9451102.303073602
2004-Q2,APAC,Academic,415288.93494212424
2004-Q2,APAC,Core Test,4599035.426121218
2004-Q2,APAC,Data Acquisition,1.2778507996935213E7
2004-Q2,APAC,Embedded Systems,2074893.5940028606
2004-Q2,APAC,Global Services,237181.18429680658
2004-Q2,APAC,No Stripe Assigned,182.21189755621958
2004-Q2,APAC,RF,201798.73919816647
2004-Q2,APAC,Software,3462457.627198688
2004-Q2,Americas,Academic,952321.3942132386
2004-Q2,Americas,Core Test,1.4288619597847031E7
2004-Q2,Americas,Data Acquisition,2.775935845169068E7
2004-Q2,Americas,Embedded Systems,6534467.66109003
2004-Q2,Americas,Global Services,763934.1587489591
2004-Q2,Americas,No Stripe Assigned,676.6562597382026
2004-Q2,Americas,RF,618195.02
2004-Q2,Americas,Software,1.1844609149681369E7
2004-Q2,EMEIA,Academic,1082944.575745699
2004-Q2,EMEIA,Core Test,8638353.715810655
2004-Q2,EMEIA,Data Acquisition,1.8379335931560557E7
2004-Q2,EMEIA,Embedded Systems,4547379.496723765
2004-Q2,EMEIA,Global Services,397346.1092857349
2004-Q2,EMEIA,No Stripe Assigned,2109.523546918757
2004-Q2,EMEIA,RF,130953.73163491285
2004-Q2,EMEIA,Software,1.0196194768592346E7
2004-Q3,APAC,Academic,745890.3476097544
2004-Q3,APAC,Core Test,4550407.268292873
2004-Q3,APAC,Data Acquisition,1.3469844104198204E7
2004-Q3,APAC,Embedded Systems,2258160.590637729
2004-Q3,APAC,Global Services,247057.90063241645
2004-Q3,APAC,No Stripe Assigned,176.30658681114483
2004-Q3,APAC,RF,176296.22068024587
2004-Q3,APAC,Software,4006266.8442399977
2004-Q3,Americas,Academic,1184405.2230463643
2004-Q3,Americas,Core Test,1.462478861760369E7
2004-Q3,Americas,Data Acquisition,2.69620161687997E7
2004-Q3,Americas,Embedded Systems,6474470.531303011
2004-Q3,Americas,Global Services,751603.2371311539
2004-Q3,Americas,No Stripe Assigned,4779.360361873036
2004-Q3,Americas,RF,862783.9761828585
2004-Q3,Americas,Software,1.2665377511422304E7
2004-Q3,EMEIA,Academic,906216.1562106244
2004-Q3,EMEIA,Core Test,7406415.112658726
2004-Q3,EMEIA,Data Acquisition,1.720105408543769E7
2004-Q3,EMEIA,Embedded Systems,4537698.572168982
2004-Q3,EMEIA,Global Services,442996.86838200234
2004-Q3,EMEIA,No Stripe Assigned,972.7309827368339
2004-Q3,EMEIA,RF,161556.95361247362
2004-Q3,EMEIA,Software,8312418.626859025
2004-Q4,APAC,Academic,840966.2944903729
2004-Q4,APAC,Core Test,4565495.8374386905
2004-Q4,APAC,Data Acquisition,1.4029770896554945E7
2004-Q4,APAC,Embedded Systems,2300365.1508433446
2004-Q4,APAC,Global Services,393075.3077150529
2004-Q4,APAC,No Stripe Assigned,502.14071447889074
2004-Q4,APAC,RF,274199.72919733025
2004-Q4,APAC,Software,4287212.825611485
2004-Q4,Americas,Academic,1088178.914003836
2004-Q4,Americas,Core Test,1.5862219788437327E7
2004-Q4,Americas,Data Acquisition,2.5024152220011704E7
2004-Q4,Americas,Embedded Systems,6832759.830646356
2004-Q4,Americas,Global Services,718944.244841789
2004-Q4,Americas,No Stripe Assigned,1663.9017242072123
2004-Q4,Americas,RF,472362.012023367
2004-Q4,Americas,Software,1.1973846045219997E7
2004-Q4,EMEIA,Academic,1355753.47461039
2004-Q4,EMEIA,Core Test,1.0415991907305943E7
2004-Q4,EMEIA,Data Acquisition,2.2465143131780572E7
2004-Q4,EMEIA,Embedded Systems,6702427.6424755985
2004-Q4,EMEIA,Global Services,582001.9027543172
2004-Q4,EMEIA,No Stripe Assigned,1034.6366121627896
2004-Q4,EMEIA,RF,425145.9795984391
2004-Q4,EMEIA,Software,1.2793548627847515E7
2005-Q1,APAC,Academic,854029.7981589627
2005-Q1,APAC,Core Test,4784716.88855972
2005-Q1,APAC,Data Acquisition,1.4604188485789431E7
2005-Q1,APAC,Embedded Systems,2121821.852185131
2005-Q1,APAC,Global Services,268835.78810231545
2005-Q1,APAC,No Stripe Assigned,0.0
2005-Q1,APAC,RF,270559.386552253
2005-Q1,APAC,Software,4857087.339443022
2005-Q1,Americas,Academic,1665074.5948622697
2005-Q1,Americas,Core Test,1.414771952983803E7
2005-Q1,Americas,Data Acquisition,2.6005455917057652E7
2005-Q1,Americas,Embedded Systems,6425984.956717006
2005-Q1,Americas,Global Services,698196.7166135187
2005-Q1,Americas,RF,880111.4858146255
2005-Q1,Americas,Software,1.1929704974408545E7
2005-Q1,EMEIA,Academic,1310116.8987287695
2005-Q1,EMEIA,Core Test,8964653.053984944
2005-Q1,EMEIA,Data Acquisition,1.8424304663106874E7
2005-Q1,EMEIA,Embedded Systems,4996194.484406613
2005-Q1,EMEIA,Global Services,389114.089684849
2005-Q1,EMEIA,Horizontal Products,0.0
2005-Q1,EMEIA,No Stripe Assigned,2071.8343076716387
2005-Q1,EMEIA,RF,288942.3406647282
2005-Q1,EMEIA,Software,1.0144187015553318E7
2005-Q2,APAC,Academic,798981.3515653895
2005-Q2,APAC,Core Test,5868740.705033791
2005-Q2,APAC,Data Acquisition,1.419565462235115E7
2005-Q2,APAC,Embedded Systems,2305840.8946694382
2005-Q2,APAC,Global Services,306469.53485751414
2005-Q2,APAC,RF,357604.43117482384
2005-Q2,APAC,Software,4138301.7815737175
2005-Q2,Americas,Academic,1391235.685053994
2005-Q2,Americas,Core Test,1.5709526700997025E7
2005-Q2,Americas,Data Acquisition,2.7001042309333336E7
2005-Q2,Americas,Embedded Systems,7499255.369951031
2005-Q2,Americas,Global Services,745560.983896205
2005-Q2,Americas,No Stripe Assigned,57.12440213739251
2005-Q2,Americas,RF,1228747.104640068
2005-Q2,Americas,Software,1.2075038880768515E7
2005-Q2,EMEIA,Academic,1425853.2709048057
2005-Q2,EMEIA,Core Test,1.024137281709049E7
2005-Q2,EMEIA,Data Acquisition,2.1062763109090228E7
2005-Q2,EMEIA,Embedded Systems,5244599.015682343
2005-Q2,EMEIA,Global Services,458876.51930059475
2005-Q2,EMEIA,No Stripe Assigned,1902.4597595315192
2005-Q2,EMEIA,RF,476797.21013489977
2005-Q2,EMEIA,Software,1.17739851151277E7
2005-Q3,APAC,Academic,881073.4317659092
2005-Q3,APAC,Core Test,5682370.140163483
2005-Q3,APAC,Data Acquisition,1.4133920505569538E7
2005-Q3,APAC,Embedded Systems,2520329.908097763
2005-Q3,APAC,Global Services,321104.2682934593
2005-Q3,APAC,RF,760608.727750602
2005-Q3,APAC,Software,4513727.287742443
2005-Q3,Americas,Academic,1414788.785592133
2005-Q3,Americas,Core Test,1.7423750770840235E7
2005-Q3,Americas,Data Acquisition,2.8043493796776056E7
2005-Q3,Americas,Embedded Systems,7322181.6265542125
2005-Q3,Americas,Global Services,794776.5876702688
2005-Q3,Americas,RF,1007066.09
2005-Q3,Americas,Software,1.2698025475092791E7
2005-Q3,EMEIA,Academic,1117529.4926509613
2005-Q3,EMEIA,Core Test,9237702.07842901
2005-Q3,EMEIA,Data Acquisition,1.7969181453863703E7
2005-Q3,EMEIA,Embedded Systems,4954095.293147356
2005-Q3,EMEIA,Global Services,498573.5447739698
2005-Q3,EMEIA,No Stripe Assigned,367.2209970473285
2005-Q3,EMEIA,RF,528523.2186283602
2005-Q3,EMEIA,Software,8454126.167700037
2005-Q4,APAC,Academic,1329636.0472636593
2005-Q4,APAC,Core Test,6982461.949390177
2005-Q4,APAC,Data Acquisition,1.5731170537619486E7
2005-Q4,APAC,Embedded Systems,2654415.9647181644
2005-Q4,APAC,Global Services,388409.3584847172
2005-Q4,APAC,RF,1136664.9660598303
2005-Q4,APAC,Software,4807685.2699738955
2005-Q4,Americas,Academic,1310995.191052451
2005-Q4,Americas,Core Test,1.618568622136703E7
2005-Q4,Americas,Data Acquisition,2.6142878996431824E7
2005-Q4,Americas,Embedded Systems,8902931.944226967
2005-Q4,Americas,Global Services,668589.17923434
2005-Q4,Americas,No Stripe Assigned,5834.188716994859
2005-Q4,Americas,RF,1759528.8365829946
2005-Q4,Americas,Software,1.277165859821313E7
2005-Q4,EMEIA,Academic,2576118.609418328
2005-Q4,EMEIA,Core Test,1.2793769544152662E7
2005-Q4,EMEIA,Data Acquisition,2.2742625090344198E7
2005-Q4,EMEIA,Embedded Systems,7136287.852381117
2005-Q4,EMEIA,Global Services,513019.39435849665
2005-Q4,EMEIA,No Stripe Assigned,1280.4328952986384
2005-Q4,EMEIA,RF,596392.3520044129
2005-Q4,EMEIA,Software,1.2879910429144453E7
2006-Q1,APAC,Academic,1259056.0773861124
2006-Q1,APAC,Core Test,5357893.565323337
2006-Q1,APAC,Data Acquisition,1.5508312745019743E7
2006-Q1,APAC,Embedded Systems,2966953.9463060694
2006-Q1,APAC,Global Services,269763.74320157734
2006-Q1,APAC,No Stripe Assigned,557.3618051202915
2006-Q1,APAC,RF,739464.9162651481
2006-Q1,APAC,Software,5554026.040524307
2006-Q1,Americas,Academic,1158412.477814928
2006-Q1,Americas,Core Test,1.6083884199895108E7
2006-Q1,Americas,Data Acquisition,2.7803805577074908E7
2006-Q1,Americas,Embedded Systems,8271164.345502755
2006-Q1,Americas,Global Services,803828.7222224138
2006-Q1,Americas,No Stripe Assigned,2606.290006420083
2006-Q1,Americas,RF,978984.2979301019
2006-Q1,Americas,Software,1.2879297261153918E7
2006-Q1,EMEIA,Academic,2391129.479530743
2006-Q1,EMEIA,Core Test,1.0084857330094734E7
2006-Q1,EMEIA,Data Acquisition,2.0021309593304295E7
2006-Q1,EMEIA,Embedded Systems,5806279.317093711
2006-Q1,EMEIA,Global Services,438781.67185541824
2006-Q1,EMEIA,No Stripe Assigned,6051.521396466256
2006-Q1,EMEIA,RF,627788.0720081063
2006-Q1,EMEIA,Software,1.0551873222453102E7
2006-Q2,APAC,Academic,981615.8051100279
2006-Q2,APAC,Core Test,6930862.606446764
2006-Q2,APAC,Data Acquisition,1.5876526946951756E7
2006-Q2,APAC,Embedded Systems,2987836.1522732438
2006-Q2,APAC,Global Services,323023.17477477883
2006-Q2,APAC,No Stripe Assigned,0.0
2006-Q2,APAC,RF,546601.6775421122
2006-Q2,APAC,Software,4704803.884753765
2006-Q2,Americas,Academic,1500102.0347410506
2006-Q2,Americas,Core Test,1.6323477656006884E7
2006-Q2,Americas,Data Acquisition,2.8348660798715774E7
2006-Q2,Americas,Embedded Systems,9479896.213826716
2006-Q2,Americas,Global Services,875232.5090191129
2006-Q2,Americas,No Stripe Assigned,14395.028982789978
2006-Q2,Americas,RF,1183457.0991714136
2006-Q2,Americas,Software,1.4663278071393954E7
2006-Q2,EMEIA,Academic,1926548.612746888
2006-Q2,EMEIA,Core Test,1.1854224583944237E7
2006-Q2,EMEIA,Data Acquisition,2.0757407113290217E7
2006-Q2,EMEIA,Embedded Systems,6503818.323577274
2006-Q2,EMEIA,Global Services,524069.1710033346
2006-Q2,EMEIA,No Stripe Assigned,39774.21831011191
2006-Q2,EMEIA,RF,790515.7739859413
2006-Q2,EMEIA,Software,1.2616567700272724E7
2006-Q3,APAC,Academic,1265661.247250992
2006-Q3,APAC,Core Test,7617999.743171611
2006-Q3,APAC,Data Acquisition,1.7356646068104103E7
2006-Q3,APAC,Embedded Systems,3283557.199055783
2006-Q3,APAC,Global Services,346542.28270248784
2006-Q3,APAC,No Stripe Assigned,7848.605444200617
2006-Q3,APAC,RF,1439996.106960115
2006-Q3,APAC,Software,5149961.934278813
2006-Q3,Americas,Academic,1406702.0089960906
2006-Q3,Americas,Core Test,1.752213185864687E7
2006-Q3,Americas,Data Acquisition,2.9632510515570715E7
2006-Q3,Americas,Embedded Systems,9298378.155911155
2006-Q3,Americas,Global Services,1184235.796061183
2006-Q3,Americas,No Stripe Assigned,21684.288934857148
2006-Q3,Americas,RF,1480480.0637661975
2006-Q3,Americas,Software,1.4478878801675534E7
2006-Q3,EMEIA,Academic,2194365.116487675
2006-Q3,EMEIA,Core Test,1.116117012706869E7
2006-Q3,EMEIA,Data Acquisition,1.9776175707559854E7
2006-Q3,EMEIA,Embedded Systems,6653659.589578479
2006-Q3,EMEIA,Global Services,470252.3591478603
2006-Q3,EMEIA,No Stripe Assigned,4186.348332831451
2006-Q3,EMEIA,RF,926438.1067292503
2006-Q3,EMEIA,Software,1.0521927544858497E7
2006-Q4,APAC,Academic,1657399.7899980957
2006-Q4,APAC,Core Test,7594169.647761665
2006-Q4,APAC,Data Acquisition,1.6186408277600717E7
2006-Q4,APAC,Embedded Systems,3416672.097592087
2006-Q4,APAC,Global Services,361371.25157520926
2006-Q4,APAC,No Stripe Assigned,2359.0921873825228
2006-Q4,APAC,RF,889269.5911955076
2006-Q4,APAC,Software,5858491.791881405
2006-Q4,Americas,Academic,1795717.506700268
2006-Q4,Americas,Core Test,1.9046179329677247E7
2006-Q4,Americas,Data Acquisition,2.9651504870452996E7
2006-Q4,Americas,Embedded Systems,8802880.9098903
2006-Q4,Americas,Global Services,982321.3617561538
2006-Q4,Americas,No Stripe Assigned,159947.43154392153
2006-Q4,Americas,RF,1233068.3385481313
2006-Q4,Americas,Software,1.5384639703169765E7
2006-Q4,EMEIA,Academic,3319063.5503595714
2006-Q4,EMEIA,Core Test,1.3561144586580914E7
2006-Q4,EMEIA,Data Acquisition,2.5161319036088657E7
2006-Q4,EMEIA,Embedded Systems,8016474.882063624
2006-Q4,EMEIA,Global Services,669425.0940354553
2006-Q4,EMEIA,No Stripe Assigned,6201.857705916853
2006-Q4,EMEIA,RF,1118484.025135904
2006-Q4,EMEIA,Software,1.550366621032987E7
2007-Q1,APAC,Academic,1582022.1430563184
2007-Q1,APAC,Core Test,7881846.881892538
2007-Q1,APAC,Data Acquisition,1.6256185337134894E7
2007-Q1,APAC,Embedded Systems,3697828.0793850543
2007-Q1,APAC,Global Services,413711.3104555544
2007-Q1,APAC,No Stripe Assigned,1696.9169247751586
2007-Q1,APAC,RF,883013.7680783548
2007-Q1,APAC,Software,6524879.088062246
2007-Q1,Americas,Academic,2769170.909101666
2007-Q1,Americas,Core Test,1.7791089065652948E7
2007-Q1,Americas,Data Acquisition,2.765333447676043E7
2007-Q1,Americas,Embedded Systems,8401362.868618753
2007-Q1,Americas,Global Services,888545.5629820849
2007-Q1,Americas,No Stripe Assigned,122672.9505340465
2007-Q1,Americas,RF,1347206.9430057565
2007-Q1,Americas,Software,1.4205565181662224E7
2007-Q1,EMEIA,Academic,2630583.037764831
2007-Q1,EMEIA,Core Test,1.1785878340770897E7
2007-Q1,EMEIA,Data Acquisition,2.3176395209065445E7
2007-Q1,EMEIA,Embedded Systems,9223744.219700115
2007-Q1,EMEIA,Global Services,633944.5859075338
2007-Q1,EMEIA,No Stripe Assigned,15151.617955175383
2007-Q1,EMEIA,RF,929325.0053150906
2007-Q1,EMEIA,Software,1.394695629603006E7
2007-Q2,APAC,Academic,1201307.6709278561
2007-Q2,APAC,Core Test,7753151.953261353
2007-Q2,APAC,Data Acquisition,1.6839287014017686E7
2007-Q2,APAC,Embedded Systems,3332619.825988878
2007-Q2,APAC,Global Services,396094.01837838755
2007-Q2,APAC,RF,1319132.8300853076
2007-Q2,APAC,Software,5272320.528549682
2007-Q2,Americas,Academic,2934567.149838354
2007-Q2,Americas,Core Test,1.8633660525930256E7
2007-Q2,Americas,Data Acquisition,3.013715179369924E7
2007-Q2,Americas,Embedded Systems,9847970.220126616
2007-Q2,Americas,Global Services,1032427.843314887
2007-Q2,Americas,No Stripe Assigned,264329.2094597231
2007-Q2,Americas,RF,2024336.2149605916
2007-Q2,Americas,Software,1.5465906886042194E7
2007-Q2,EMEIA,Academic,2610226.0695356415
2007-Q2,EMEIA,Core Test,1.3303926485472389E7
2007-Q2,EMEIA,Data Acquisition,2.315968039102231E7
2007-Q2,EMEIA,Embedded Systems,8680752.17890397
2007-Q2,EMEIA,Global Services,720869.0092121245
2007-Q2,EMEIA,Horizontal Products,0.0
2007-Q2,EMEIA,No Stripe Assigned,2433.617147001155
2007-Q2,EMEIA,RF,1666534.463428982
2007-Q2,EMEIA,Software,1.491205595363598E7
2007-Q3,APAC,Academic,1582293.8788818703
2007-Q3,APAC,Core Test,9779795.56293353
2007-Q3,APAC,Data Acquisition,1.6862564685176957E7
2007-Q3,APAC,Embedded Systems,4204270.1662179995
2007-Q3,APAC,Global Services,428400.38423906994
2007-Q3,APAC,No Stripe Assigned,3371.599082664443
2007-Q3,APAC,RF,858122.3054850406
2007-Q3,APAC,Software,5581984.871402765
2007-Q3,Americas,Academic,2736460.701149452
2007-Q3,Americas,Core Test,2.1277650438748017E7
2007-Q3,Americas,Data Acquisition,2.9745932767029673E7
2007-Q3,Americas,Embedded Systems,1.0536924030940339E7
2007-Q3,Americas,Global Services,1093278.968644506
2007-Q3,Americas,No Stripe Assigned,78229.6030575124
2007-Q3,Americas,RF,1469012.5687972836
2007-Q3,Americas,Software,1.575041378279648E7
2007-Q3,EMEIA,Academic,3334472.212115321
2007-Q3,EMEIA,Core Test,1.313647171777226E7
2007-Q3,EMEIA,Data Acquisition,2.3048655869445972E7
2007-Q3,EMEIA,Embedded Systems,8738277.127329018
2007-Q3,EMEIA,Global Services,708774.7203902701
2007-Q3,EMEIA,No Stripe Assigned,6282.317956379672
2007-Q3,EMEIA,RF,959477.808947743
2007-Q3,EMEIA,Software,1.2646088028753433E7
2007-Q4,APAC,Academic,1709310.1770587466
2007-Q4,APAC,Core Test,9738780.113038082
2007-Q4,APAC,Data Acquisition,1.882268905940866E7
2007-Q4,APAC,Embedded Systems,4736970.306656891
2007-Q4,APAC,Global Services,544636.944414313
2007-Q4,APAC,RF,1334830.4660852174
2007-Q4,APAC,Software,6403848.536598693
2007-Q4,Americas,Academic,2546628.5319827027
2007-Q4,Americas,Core Test,1.9056335684203953E7
2007-Q4,Americas,Data Acquisition,2.8324577494572014E7
2007-Q4,Americas,Embedded Systems,1.0457159398305357E7
2007-Q4,Americas,Global Services,1003001.8904327828
2007-Q4,Americas,No Stripe Assigned,157306.44463765383
2007-Q4,Americas,RF,1299188.0005932995
2007-Q4,Americas,Software,1.6797807252224248E7
2007-Q4,EMEIA,Academic,5029373.472864231
2007-Q4,EMEIA,Core Test,1.8123395244491458E7
2007-Q4,EMEIA,Data Acquisition,3.0001670930706006E7
2007-Q4,EMEIA,Embedded Systems,1.24687623118748E7
2007-Q4,EMEIA,Global Services,1104382.5004151978
2007-Q4,EMEIA,Horizontal Products,0.0
2007-Q4,EMEIA,No Stripe Assigned,2223.3863696389253
2007-Q4,EMEIA,RF,1979914.4854302874
2007-Q4,EMEIA,Software,1.8971453838234313E7
2008-Q1,APAC,Academic,1784411.7510639546
2008-Q1,APAC,Core Test,1.010186690438761E7
2008-Q1,APAC,Data Acquisition,1.869601784969576E7
2008-Q1,APAC,Embedded Systems,4781877.381939732
2008-Q1,APAC,Global Services,576330.1717687558
2008-Q1,APAC,RF,1903276.3139174047
2008-Q1,APAC,Software,7626705.694802858
2008-Q1,Americas,Academic,2600600.725432124
2008-Q1,Americas,Core Test,1.9075949142725594E7
2008-Q1,Americas,Data Acquisition,2.7941052720536996E7
2008-Q1,Americas,Embedded Systems,1.0550357465682935E7
2008-Q1,Americas,Global Services,1042726.8512318699
2008-Q1,Americas,No Stripe Assigned,107556.81926712736
2008-Q1,Americas,RF,1609373.885507359
2008-Q1,Americas,Software,1.5746317795520253E7
2008-Q1,EMEIA,Academic,2839039.7300102734
2008-Q1,EMEIA,Core Test,1.3975738172509335E7
2008-Q1,EMEIA,Data Acquisition,2.4421907979292776E7
2008-Q1,EMEIA,Embedded Systems,1.0146326923425375E7
2008-Q1,EMEIA,Global Services,966687.606223124
2008-Q1,EMEIA,No Stripe Assigned,1758.292986219747
2008-Q1,EMEIA,RF,1327200.7242946986
2008-Q1,EMEIA,Software,1.6575227759989778E7
2008-Q2,APAC,Academic,1369202.0528818662
2008-Q2,APAC,Core Test,1.1258096720203122E7
2008-Q2,APAC,Data Acquisition,1.7348802711579204E7
2008-Q2,APAC,Embedded Systems,4636928.880643843
2008-Q2,APAC,Global Services,643565.1343494595
2008-Q2,APAC,RF,2076789.1215435565
2008-Q2,APAC,Software,6448564.091842214
2008-Q2,Americas,Academic,3063825.161432877
2008-Q2,Americas,Core Test,2.1264751365810428E7
2008-Q2,Americas,Data Acquisition,3.1516274806671143E7
2008-Q2,Americas,Embedded Systems,1.1722611650805315E7
2008-Q2,Americas,Global Services,1347399.2581967833
2008-Q2,Americas,No Stripe Assigned,225637.97069269323
2008-Q2,Americas,RF,2144503.610961829
2008-Q2,Americas,Software,1.6266785956806134E7
2008-Q2,EMEIA,Academic,3142808.7100421307
2008-Q2,EMEIA,Core Test,1.751594717359947E7
2008-Q2,EMEIA,Data Acquisition,2.8060187234886378E7
2008-Q2,EMEIA,Embedded Systems,1.0889339483974144E7
2008-Q2,EMEIA,Global Services,1256752.2659298857
2008-Q2,EMEIA,Horizontal Products,0.0
2008-Q2,EMEIA,No Stripe Assigned,908.7618667852706
2008-Q2,EMEIA,RF,1891049.2758703732
2008-Q2,EMEIA,Software,1.891775205399486E7
2008-Q3,APAC,Academic,1714790.5208601851
2008-Q3,APAC,Core Test,1.0875423314470427E7
2008-Q3,APAC,Data Acquisition,1.7552242070963245E7
2008-Q3,APAC,Embedded Systems,4902114.207799225
2008-Q3,APAC,Global Services,791597.7580927804
2008-Q3,APAC,RF,2063445.0885699696
2008-Q3,APAC,Software,6299437.124527225
2008-Q3,Americas,Academic,3218995.899286863
2008-Q3,Americas,Core Test,2.564623796100245E7
2008-Q3,Americas,Data Acquisition,3.253737498759981E7
2008-Q3,Americas,Embedded Systems,1.2856678604237035E7
2008-Q3,Americas,Global Services,1424031.557111403
2008-Q3,Americas,No Stripe Assigned,434675.69999708503
2008-Q3,Americas,RF,2069521.3700178147
2008-Q3,Americas,Software,1.6933309712669067E7
2008-Q3,EMEIA,Academic,3668862.7680982267
2008-Q3,EMEIA,Core Test,1.701430976750153E7
2008-Q3,EMEIA,Data Acquisition,2.6156798018883076E7
2008-Q3,EMEIA,Embedded Systems,1.1383589505499905E7
2008-Q3,EMEIA,Global Services,1140925.994454142
2008-Q3,EMEIA,No Stripe Assigned,3358.1639586790525
2008-Q3,EMEIA,RF,1703388.990193485
2008-Q3,EMEIA,Software,1.678045145934653E7
2008-Q4,APAC,Academic,1883153.6243330573
2008-Q4,APAC,Core Test,9107785.373060446
2008-Q4,APAC,Data Acquisition,1.5192351570450254E7
2008-Q4,APAC,Embedded Systems,5081713.388199543
2008-Q4,APAC,Global Services,624366.4192674778
2008-Q4,APAC,RF,1979798.4050750171
2008-Q4,APAC,Software,6121513.32458685
2008-Q4,Americas,Academic,3056510.517559138
2008-Q4,Americas,Core Test,2.171158324023862E7
2008-Q4,Americas,Data Acquisition,2.6862808723862782E7
2008-Q4,Americas,Embedded Systems,1.0433141225289734E7
2008-Q4,Americas,Global Services,1268957.0029826602
2008-Q4,Americas,No Stripe Assigned,584270.4695051875
2008-Q4,Americas,RF,2950046.3796667107
2008-Q4,Americas,Software,1.6601155314236386E7
2008-Q4,EMEIA,Academic,3405112.3840696933
2008-Q4,EMEIA,Core Test,1.590665304462235E7
2008-Q4,EMEIA,Data Acquisition,2.4203868044426627E7
2008-Q4,EMEIA,Embedded Systems,1.1740047925296362E7
2008-Q4,EMEIA,Global Services,1167094.326297956
2008-Q4,EMEIA,No Stripe Assigned,2460.176924734727
2008-Q4,EMEIA,RF,2169505.001256401
2008-Q4,EMEIA,Software,1.8466048577124145E7
2009-Q1,APAC,Academic,1835434.0258211605
2009-Q1,APAC,Core Test,7812209.003984759
2009-Q1,APAC,Data Acquisition,1.157731132526258E7
2009-Q1,APAC,Embedded Systems,4715151.859410649
2009-Q1,APAC,Global Services,483273.35113936587
2009-Q1,APAC,RF,2218411.3819771125
2009-Q1,APAC,Software,5816453.21762953
2009-Q1,Americas,Academic,3105911.8724515666
2009-Q1,Americas,Core Test,1.6250692706143102E7
2009-Q1,Americas,Data Acquisition,2.215067591258677E7
2009-Q1,Americas,Embedded Systems,8474539.014377767
2009-Q1,Americas,Global Services,1134991.8868384673
2009-Q1,Americas,No Stripe Assigned,56703.68999073591
2009-Q1,Americas,RF,2323211.0794573915
2009-Q1,Americas,Software,1.317534788871613E7
2009-Q1,EMEIA,Academic,2992750.6926868004
2009-Q1,EMEIA,Core Test,1.064753668617163E7
2009-Q1,EMEIA,Data Acquisition,1.793578581359148E7
2009-Q1,EMEIA,Embedded Systems,7748269.651145713
2009-Q1,EMEIA,Global Services,963021.6617963916
2009-Q1,EMEIA,No Stripe Assigned,3002.0
2009-Q1,EMEIA,RF,1202787.6190121411
2009-Q1,EMEIA,Software,1.2706404450236613E7
2009-Q2,APAC,Academic,1641721.9069537104
2009-Q2,APAC,Core Test,8010565.5843409775
2009-Q2,APAC,Data Acquisition,1.1657991278594417E7
2009-Q2,APAC,Embedded Systems,4155194.2959815217
2009-Q2,APAC,Global Services,603924.4829064335
2009-Q2,APAC,No Stripe Assigned,1060.8087502921087
2009-Q2,APAC,RF,2124114.9508468555
2009-Q2,APAC,Software,4608387.09465431
2009-Q2,Americas,Academic,3718891.598587116
2009-Q2,Americas,Core Test,1.6353738557566479E7
2009-Q2,Americas,Data Acquisition,2.2671258343314484E7
2009-Q2,Americas,Embedded Systems,9527890.820524728
2009-Q2,Americas,Global Services,1264299.0069456627
2009-Q2,Americas,No Stripe Assigned,101482.32396389726
2009-Q2,Americas,RF,2280859.7940283115
2009-Q2,Americas,Software,1.328662672693456E7
2009-Q2,EMEIA,Academic,2644651.3272652994
2009-Q2,EMEIA,Core Test,1.125733534794241E7
2009-Q2,EMEIA,Data Acquisition,1.6735874317244617E7
2009-Q2,EMEIA,Embedded Systems,8836770.075255426
2009-Q2,EMEIA,Global Services,997639.6761303038
2009-Q2,EMEIA,No Stripe Assigned,2290.9581332149437
2009-Q2,EMEIA,RF,1518653.121845531
2009-Q2,EMEIA,Software,1.3536329151923764E7
2009-Q3,APAC,Academic,1221455.836381049
2009-Q3,APAC,Core Test,9838430.119353823
2009-Q3,APAC,Data Acquisition,1.5200034533685511E7
2009-Q3,APAC,Embedded Systems,4546849.61691058
2009-Q3,APAC,Global Services,802549.7927794763
2009-Q3,APAC,RF,1609968.435062664
2009-Q3,APAC,Software,5135285.908048393
2009-Q3,Americas,Academic,3847052.390897208
2009-Q3,Americas,Core Test,1.9129307032630946E7
2009-Q3,Americas,Data Acquisition,2.4533993584499683E7
2009-Q3,Americas,Embedded Systems,1.0463333245090293E7
2009-Q3,Americas,Global Services,1233340.0993199272
2009-Q3,Americas,No Stripe Assigned,252681.84009616612
2009-Q3,Americas,RF,2232233.3657723307
2009-Q3,Americas,Software,1.4007794871470787E7
2009-Q3,EMEIA,Academic,3220167.6898004226
2009-Q3,EMEIA,Core Test,1.1712368744836597E7
2009-Q3,EMEIA,Data Acquisition,1.7840566116693206E7
2009-Q3,EMEIA,Embedded Systems,8769529.331042232
2009-Q3,EMEIA,Global Services,1116164.0766239672
2009-Q3,EMEIA,No Stripe Assigned,4583.037024589705
2009-Q3,EMEIA,RF,1585076.0753740957
2009-Q3,EMEIA,Software,1.1587995380838647E7
2009-Q4,APAC,Academic,1774713.7922758018
2009-Q4,APAC,Core Test,1.003418582984064E7
2009-Q4,APAC,Data Acquisition,1.6367842156920752E7
2009-Q4,APAC,Embedded Systems,5764716.855308709
2009-Q4,APAC,Global Services,1104746.8801471132
2009-Q4,APAC,RF,1946551.6906003575
2009-Q4,APAC,Software,6011864.811824703
2009-Q4,Americas,Academic,3553933.560593443
2009-Q4,Americas,Core Test,2.0350271255873132E7
2009-Q4,Americas,Data Acquisition,2.6564299409429107E7
2009-Q4,Americas,Embedded Systems,1.1247160474474346E7
2009-Q4,Americas,Global Services,1706356.9933763833
2009-Q4,Americas,No Stripe Assigned,323672.0703030576
2009-Q4,Americas,RF,2284430.681381644
2009-Q4,Americas,Software,1.5474539501945496E7
2009-Q4,EMEIA,Academic,3826790.3849191987
2009-Q4,EMEIA,Core Test,1.6722070255940253E7
2009-Q4,EMEIA,Data Acquisition,2.5048446293695778E7
2009-Q4,EMEIA,Embedded Systems,1.3545018180816296E7
2009-Q4,EMEIA,Global Services,1680721.484486269
2009-Q4,EMEIA,No Stripe Assigned,2944.0021440326577
2009-Q4,EMEIA,RF,4229488.420365229
2009-Q4,EMEIA,Software,1.8266755888646178E7
2010-Q1,APAC,Academic,1988054.4753411424
2010-Q1,APAC,Core Test,1.0398801042907117E7
2010-Q1,APAC,Data Acquisition,1.8439502913995128E7
2010-Q1,APAC,Embedded Systems,5775707.071447735
2010-Q1,APAC,Global Services,922828.6962390492
2010-Q1,APAC,RF,2248465.9320363696
2010-Q1,APAC,Software,6617801.971373473
2010-Q1,Americas,Academic,4692818.888057558
2010-Q1,Americas,Core Test,2.0625147922291163E7
2010-Q1,Americas,Data Acquisition,2.5710504434662208E7
2010-Q1,Americas,Embedded Systems,1.0772804346788226E7
2010-Q1,Americas,Global Services,1489364.959436649
2010-Q1,Americas,No Stripe Assigned,2113.662390859114
2010-Q1,Americas,RF,2802784.1050428394
2010-Q1,Americas,Software,1.5215191430547325E7
2010-Q1,EMEIA,Academic,3547836.4903653925
2010-Q1,EMEIA,Core Test,1.3829735943641502E7
2010-Q1,EMEIA,Data Acquisition,2.206215858038721E7
2010-Q1,EMEIA,Embedded Systems,1.062656195541016E7
2010-Q1,EMEIA,Global Services,1424865.425233738
2010-Q1,EMEIA,No Stripe Assigned,3101.3392303698356
2010-Q1,EMEIA,RF,1642747.0794629615
2010-Q1,EMEIA,Software,1.5029983149760716E7
2010-Q2,APAC,Academic,1109067.1126631538
2010-Q2,APAC,Core Test,1.3258431502721556E7
2010-Q2,APAC,Data Acquisition,2.04531288659E7
2010-Q2,APAC,Embedded Systems,6945420.999621358
2010-Q2,APAC,Global Services,871566.1789531987
2010-Q2,APAC,No Stripe Assigned,4510.099919648148
2010-Q2,APAC,RF,3675379.9132030574
2010-Q2,APAC,Software,5735692.956695772
2010-Q2,Americas,Academic,3912200.5453697355
2010-Q2,Americas,Core Test,2.0377886153626524E7
2010-Q2,Americas,Data Acquisition,2.7432331575442363E7
2010-Q2,Americas,Embedded Systems,1.2659819822829941E7
2010-Q2,Americas,Global Services,1630322.975275484
2010-Q2,Americas,No Stripe Assigned,750966.6458372135
2010-Q2,Americas,RF,2684850.3889353625
2010-Q2,Americas,Software,1.582128454558737E7
2010-Q2,EMEIA,Academic,3677026.5638118987
2010-Q2,EMEIA,Core Test,1.5379520209100204E7
2010-Q2,EMEIA,Data Acquisition,2.256852666782995E7
2010-Q2,EMEIA,Embedded Systems,1.1014525229967473E7
2010-Q2,EMEIA,Global Services,1278306.0602791202
2010-Q2,EMEIA,No Stripe Assigned,2890.760345317168
2010-Q2,EMEIA,RF,2383473.175771704
2010-Q2,EMEIA,Software,1.5224008092328126E7
2010-Q3,APAC,Academic,1562960.3997581443
2010-Q3,APAC,Core Test,1.4615644517057791E7
2010-Q3,APAC,Data Acquisition,2.1059343790289227E7
2010-Q3,APAC,Embedded Systems,6817498.987023373
2010-Q3,APAC,Global Services,1027445.314872971
2010-Q3,APAC,No Stripe Assigned,1078.3278869746737
2010-Q3,APAC,RF,4001475.5510286605
2010-Q3,APAC,Software,5739053.097024543
2010-Q3,Americas,Academic,3609807.700018982
2010-Q3,Americas,Core Test,2.6667097507766146E7
2010-Q3,Americas,Data Acquisition,3.017475202713399E7
2010-Q3,Americas,Embedded Systems,1.4569725177620847E7
2010-Q3,Americas,Global Services,1967184.4967110192
2010-Q3,Americas,No Stripe Assigned,392976.32713815506
2010-Q3,Americas,RF,3155913.7759304014
2010-Q3,Americas,Software,1.615534325800486E7
2010-Q3,EMEIA,Academic,3635230.3232101416
2010-Q3,EMEIA,Core Test,1.6148537356743107E7
2010-Q3,EMEIA,Data Acquisition,2.265051976387793E7
2010-Q3,EMEIA,Embedded Systems,1.1713801630331418E7
2010-Q3,EMEIA,Global Services,1417166.041915257
2010-Q3,EMEIA,No Stripe Assigned,2329.327633127288
2010-Q3,EMEIA,RF,2089013.9795410088
2010-Q3,EMEIA,Software,1.2725264289217973E7
2010-Q4,APAC,Academic,2047033.2140230783
2010-Q4,APAC,Core Test,1.6130038415019643E7
2010-Q4,APAC,Data Acquisition,2.330099951330066E7
2010-Q4,APAC,Embedded Systems,8014443.425462301
2010-Q4,APAC,Global Services,1205860.6463445034
2010-Q4,APAC,No Stripe Assigned,0.0
2010-Q4,APAC,RF,2884832.027555729
2010-Q4,APAC,Software,7291701.568964012
2010-Q4,Americas,Academic,3790905.16976077
2010-Q4,Americas,Core Test,2.415114975374081E7
2010-Q4,Americas,Data Acquisition,2.855089495792348E7
2010-Q4,Americas,Embedded Systems,1.4635977771407511E7
2010-Q4,Americas,Global Services,2011452.4993713973
2010-Q4,Americas,No Stripe Assigned,803.2349636288367
2010-Q4,Americas,RF,3511364.7398607144
2010-Q4,Americas,Software,1.708664034108271E7
2010-Q4,EMEIA,Academic,5467204.350994116
2010-Q4,EMEIA,Core Test,2.32558346963427E7
2010-Q4,EMEIA,Data Acquisition,3.0360364398889527E7
2010-Q4,EMEIA,Embedded Systems,1.703941571618693E7
2010-Q4,EMEIA,Global Services,2348929.950430981
2010-Q4,EMEIA,No Stripe Assigned,2484.8085258697274
2010-Q4,EMEIA,RF,6759513.037631559
2010-Q4,EMEIA,Software,1.983359419004971E7
2011-Q1,APAC,Academic,2290161.7931865957
2011-Q1,APAC,Core Test,1.4908005788461382E7
2011-Q1,APAC,Data Acquisition,2.247378337672167E7
2011-Q1,APAC,Embedded Systems,7896270.17779295
2011-Q1,APAC,Global Services,1465428.8497189563
2011-Q1,APAC,No Stripe Assigned,1082.227612222006
2011-Q1,APAC,RF,2648625.025156732
2011-Q1,APAC,Software,7668649.81479019
2011-Q1,Americas,Academic,3900186.96206961
2011-Q1,Americas,Core Test,2.1126049097054638E7
2011-Q1,Americas,Data Acquisition,2.9110225526838165E7
2011-Q1,Americas,Embedded Systems,1.4547211310726633E7
2011-Q1,Americas,Global Services,1980457.0822594652
2011-Q1,Americas,No Stripe Assigned,97966.88292110752
2011-Q1,Americas,RF,3066849.5336726187
2011-Q1,Americas,Software,1.6605762763669368E7
2011-Q1,EMEIA,Academic,3996446.027865354
2011-Q1,EMEIA,Core Test,1.8607302615335383E7
2011-Q1,EMEIA,Data Acquisition,2.688961321580993E7
2011-Q1,EMEIA,Embedded Systems,1.3199275641237523E7
2011-Q1,EMEIA,Global Services,2528660.3614675608
2011-Q1,EMEIA,No Stripe Assigned,1229.490183618624
2011-Q1,EMEIA,RF,2409693.408425992
2011-Q1,EMEIA,Software,1.8284631361795906E7
2011-Q2,APAC,Academic,1886426.2161518438
2011-Q2,APAC,Core Test,1.6086519641901676E7
2011-Q2,APAC,Data Acquisition,2.2134875736862835E7
2011-Q2,APAC,Embedded Systems,8136002.875274548
2011-Q2,APAC,Global Services,1113982.1259907482
2011-Q2,APAC,No Stripe Assigned,2594.80149546021
2011-Q2,APAC,RF,3499643.344667966
2011-Q2,APAC,Software,6557228.927941066
2011-Q2,Americas,Academic,4591066.939667305
2011-Q2,Americas,Core Test,2.7034275017488826E7
2011-Q2,Americas,Data Acquisition,2.8813497904134113E7
2011-Q2,Americas,Embedded Systems,1.6085169258304963E7
2011-Q2,Americas,Global Services,1994858.0757207202
2011-Q2,Americas,No Stripe Assigned,267330.81451456645
2011-Q2,Americas,RF,4640243.281618685
2011-Q2,Americas,Software,1.5597896421306519E7
2011-Q2,EMEIA,Academic,5220754.345821514
2011-Q2,EMEIA,Core Test,2.0453596192031078E7
2011-Q2,EMEIA,Data Acquisition,2.8396291755444977E7
2011-Q2,EMEIA,Embedded Systems,1.4595454374489762E7
2011-Q2,EMEIA,Global Services,2249356.7091175183
2011-Q2,EMEIA,No Stripe Assigned,3902.94012169334
2011-Q2,EMEIA,RF,3752419.996471769
2011-Q2,EMEIA,Software,1.8206425783467248E7
2011-Q3,APAC,Academic,2179144.494091806
2011-Q3,APAC,Core Test,1.4978586645054316E7
2011-Q3,APAC,Data Acquisition,2.328918907371529E7
2011-Q3,APAC,Embedded Systems,7376720.107382768
2011-Q3,APAC,Global Services,1990891.2469359462
2011-Q3,APAC,RF,4303931.772200707
2011-Q3,APAC,Software,7069472.637482009
2011-Q3,Americas,Academic,4309277.780954721
2011-Q3,Americas,Core Test,2.5671156756411627E7
2011-Q3,Americas,Data Acquisition,3.0507376535580706E7
2011-Q3,Americas,Embedded Systems,1.9564959488643795E7
2011-Q3,Americas,Global Services,2411810.6059055766
2011-Q3,Americas,No Stripe Assigned,291858.0319644953
2011-Q3,Americas,RF,4440320.596309615
2011-Q3,Americas,Software,1.6556157607167073E7
2011-Q3,EMEIA,Academic,5106210.057287877
2011-Q3,EMEIA,Core Test,2.0769468441769063E7
2011-Q3,EMEIA,Data Acquisition,2.6979889352442883E7
2011-Q3,EMEIA,Embedded Systems,1.5692684421542035E7
2011-Q3,EMEIA,Global Services,2837396.999367602
2011-Q3,EMEIA,No Stripe Assigned,665.3675311649233
2011-Q3,EMEIA,RF,6956444.698204986
2011-Q3,EMEIA,Software,1.6936941881526135E7
2011-Q4,APAC,Academic,3365175.6226666993
2011-Q4,APAC,Core Test,1.609035174530546E7
2011-Q4,APAC,Data Acquisition,2.2430956204449583E7
2011-Q4,APAC,Embedded Systems,7870753.030180573
2011-Q4,APAC,Global Services,1508553.0267353768
2011-Q4,APAC,No Stripe Assigned,1628.2348660572156
2011-Q4,APAC,RF,4638854.443648133
2011-Q4,APAC,Software,7796014.397222646
2011-Q4,Americas,Academic,4265060.041377261
2011-Q4,Americas,Core Test,2.319095826048374E7
2011-Q4,Americas,Data Acquisition,2.9258096095861755E7
2011-Q4,Americas,Embedded Systems,1.8126051179377135E7
2011-Q4,Americas,Global Services,2043970.7095254592
2011-Q4,Americas,No Stripe Assigned,427800.6442438183
2011-Q4,Americas,RF,4373362.672453471
2011-Q4,Americas,Software,1.7581986419315245E7
2011-Q4,EMEIA,Academic,5749586.30002456
2011-Q4,EMEIA,Core Test,2.248173778802732E7
2011-Q4,EMEIA,Data Acquisition,3.0421797294166278E7
2011-Q4,EMEIA,Embedded Systems,1.7492866009063564E7
2011-Q4,EMEIA,Global Services,2598861.2128809476
2011-Q4,EMEIA,RF,6328067.306554397
2011-Q4,EMEIA,Software,2.0743091021134272E7
2012-Q1,APAC,Academic,2602588.367056839
2012-Q1,APAC,Core Test,1.4950025432042705E7
2012-Q1,APAC,Data Acquisition,2.225801590772328E7
2012-Q1,APAC,Embedded Systems,8399059.139897216
2012-Q1,APAC,Global Services,2813658.384529211
2012-Q1,APAC,No Stripe Assigned,4463.196474614304
2012-Q1,APAC,RF,3129905.300383018
2012-Q1,APAC,Software,8406675.56836069
2012-Q1,Americas,Academic,4137859.707812512
2012-Q1,Americas,Core Test,2.1880173853470296E7
2012-Q1,Americas,Data Acquisition,2.8669458778045885E7
2012-Q1,Americas,Embedded Systems,1.7563951381708767E7
2012-Q1,Americas,Global Services,2307040.4825913226
2012-Q1,Americas,No Stripe Assigned,292.88708649423904
2012-Q1,Americas,RF,2928576.2404879546
2012-Q1,Americas,Software,1.6581034416539691E7
2012-Q1,EMEIA,Academic,4501193.80932399
2012-Q1,EMEIA,Core Test,1.894465925453618E7
2012-Q1,EMEIA,Data Acquisition,2.574976989171723E7
2012-Q1,EMEIA,Embedded Systems,1.3475427065699853E7
2012-Q1,EMEIA,Global Services,2438941.5029708296
2012-Q1,EMEIA,No Stripe Assigned,2491.1807766894326
2012-Q1,EMEIA,RF,7935018.187460862
2012-Q1,EMEIA,Software,1.854237715674573E7
2012-Q2,APAC,Academic,2876721.6811798597
2012-Q2,APAC,Core Test,1.6013364504430275E7
2012-Q2,APAC,Data Acquisition,2.546304180376637E7
2012-Q2,APAC,Embedded Systems,9330666.450712558
2012-Q2,APAC,Global Services,1714410.1248529379
2012-Q2,APAC,RF,3840350.690924427
2012-Q2,APAC,Software,6961297.900577236
2012-Q2,Americas,Academic,4486212.623132851
2012-Q2,Americas,Core Test,2.4871622531669367E7
2012-Q2,Americas,Data Acquisition,2.915881698418352E7
2012-Q2,Americas,Embedded Systems,1.623399596141202E7
2012-Q2,Americas,Global Services,5360258.930308702
2012-Q2,Americas,No Stripe Assigned,127710.73541140743
2012-Q2,Americas,RF,4166629.162082209
2012-Q2,Americas,Software,1.5240371873312261E7
2012-Q2,EMEIA,Academic,4743301.327353759
2012-Q2,EMEIA,Core Test,2.1876060922865726E7
2012-Q2,EMEIA,Data Acquisition,2.5812385096336264E7
2012-Q2,EMEIA,Embedded Systems,1.3987130177988894E7
2012-Q2,EMEIA,Global Services,4677100.299666581
2012-Q2,EMEIA,No Stripe Assigned,1888.7546784899832
2012-Q2,EMEIA,RF,9592326.777679712
2012-Q2,EMEIA,Software,1.7368207093099996E7
2012-Q3,APAC,Academic,1948729.5769863862
2012-Q3,APAC,Core Test,1.4008153287104545E7
2012-Q3,APAC,Data Acquisition,2.307383470393389E7
2012-Q3,APAC,Embedded Systems,9598012.46625781
2012-Q3,APAC,Global Services,1687070.6160787258
2012-Q3,APAC,No Stripe Assigned,487.0810055865922
2012-Q3,APAC,RF,3662237.0933904108
2012-Q3,APAC,Software,6998247.421870301
2012-Q3,Americas,Academic,4487672.064218851
2012-Q3,Americas,Core Test,2.7855846607852414E7
2012-Q3,Americas,Data Acquisition,3.1246413312800117E7
2012-Q3,Americas,Embedded Systems,1.6830088569709025E7
2012-Q3,Americas,Global Services,5068595.254721546
2012-Q3,Americas,No Stripe Assigned,235993.5870969966
2012-Q3,Americas,RF,5362311.031596781
2012-Q3,Americas,Software,1.7012339895135164E7
2012-Q3,EMEIA,Academic,5039300.865529564
2012-Q3,EMEIA,Core Test,1.8072589639243636E7
2012-Q3,EMEIA,Data Acquisition,2.393118806377793E7
2012-Q3,EMEIA,Embedded Systems,1.4303595979465757E7
2012-Q3,EMEIA,Global Services,2708469.966557548
2012-Q3,EMEIA,No Stripe Assigned,596.5674774663539
2012-Q3,EMEIA,RF,5671722.210877967
2012-Q3,EMEIA,Software,1.4170428308126507E7
2012-Q4,APAC,Academic,3045051.3288842933
2012-Q4,APAC,Core Test,1.6727813149963932E7
2012-Q4,APAC,Data Acquisition,2.3441688689894058E7
2012-Q4,APAC,Embedded Systems,1.0844272064008525E7
2012-Q4,APAC,Global Services,2257907.1168728373
2012-Q4,APAC,No Stripe Assigned,0.0
2012-Q4,APAC,RF,6550640.468916272
2012-Q4,APAC,Software,7165448.035959403
2012-Q4,Americas,Academic,5801324.638493211
2012-Q4,Americas,Core Test,2.587292689906321E7
2012-Q4,Americas,Data Acquisition,2.952213037688303E7
2012-Q4,Americas,Embedded Systems,1.6443219738873608E7
2012-Q4,Americas,Global Services,3022784.666877188
2012-Q4,Americas,No Stripe Assigned,289496.8580226393
2012-Q4,Americas,RF,5738327.532134603
2012-Q4,Americas,Software,1.6918877588902187E7
2012-Q4,EMEIA,Academic,7147267.727053262
2012-Q4,EMEIA,Core Test,2.190844389646949E7
2012-Q4,EMEIA,Data Acquisition,2.917264580613387E7
2012-Q4,EMEIA,Embedded Systems,1.9213560703178905E7
2012-Q4,EMEIA,Global Services,4564624.919538378
2012-Q4,EMEIA,No Stripe Assigned,64.11283859592884
2012-Q4,EMEIA,RF,5467729.4498585
2012-Q4,EMEIA,Software,2.0537921362269018E7
2013-Q1,APAC,Academic,3369958.074383971
2013-Q1,APAC,Core Test,1.455638221062887E7
2013-Q1,APAC,Data Acquisition,2.2575188036272217E7
2013-Q1,APAC,Embedded Systems,8876498.032866461
2013-Q1,APAC,Global Services,2055721.7980534306
2013-Q1,APAC,RF,3468224.555009979
2013-Q1,APAC,Software,7552570.345073017
2013-Q1,Americas,Academic,4629296.573968942
2013-Q1,Americas,Core Test,2.4150181816337418E7
2013-Q1,Americas,Data Acquisition,2.84650422199167E7
2013-Q1,Americas,Embedded Systems,1.6336305431168633E7
2013-Q1,Americas,Global Services,2784333.14195266
2013-Q1,Americas,No Stripe Assigned,1060986.8018051938
2013-Q1,Americas,RF,8878460.779355269
2013-Q1,Americas,Software,1.7179873744566932E7
2013-Q1,EMEIA,Academic,4580937.161237821
2013-Q1,EMEIA,Core Test,2.0626457281977188E7
2013-Q1,EMEIA,Data Acquisition,2.6165268752524428E7
2013-Q1,EMEIA,Embedded Systems,1.6760963077666642E7
2013-Q1,EMEIA,Global Services,2209938.590557237
2013-Q1,EMEIA,No Stripe Assigned,2063.7840741238083
2013-Q1,EMEIA,RF,6230867.592491636
2013-Q1,EMEIA,Software,2.009325319366235E7
2013-Q2,APAC,Academic,2804180.9304146534
2013-Q2,APAC,Core Test,1.6356097458479276E7
2013-Q2,APAC,Data Acquisition,2.229813555609023E7
2013-Q2,APAC,Embedded Systems,8151049.52805091
2013-Q2,APAC,Global Services,1763649.8528076857
2013-Q2,APAC,RF,6862261.402084172
2013-Q2,APAC,Software,7536440.748573816
2013-Q2,Americas,Academic,5303160.531940046
2013-Q2,Americas,Core Test,2.47761960352503E7
2013-Q2,Americas,Data Acquisition,3.0077583991865393E7
2013-Q2,Americas,Embedded Systems,1.5430882115613092E7
2013-Q2,Americas,Global Services,3544231.9355070987
2013-Q2,Americas,No Stripe Assigned,254457.0211466569
2013-Q2,Americas,RF,7221122.986444301
2013-Q2,Americas,Software,1.4444698947684953E7
2013-Q2,EMEIA,Academic,5584066.074296836
2013-Q2,EMEIA,Core Test,2.1315993882139154E7
2013-Q2,EMEIA,Data Acquisition,2.5093346573661894E7
2013-Q2,EMEIA,Embedded Systems,1.4458276524762828E7
2013-Q2,EMEIA,Global Services,4065783.464027317
2013-Q2,EMEIA,No Stripe Assigned,25022.977722772277
2013-Q2,EMEIA,RF,8357171.1907567615
2013-Q2,EMEIA,Software,1.6126014085546367E7
2013-Q3,APAC,Academic,2779180.4259589734
2013-Q3,APAC,Core Test,1.4842446467745433E7
2013-Q3,APAC,Data Acquisition,2.2939760915480055E7
2013-Q3,APAC,Embedded Systems,8590884.608608028
2013-Q3,APAC,Global Services,1500341.1119130112
2013-Q3,APAC,RF,4857835.229066196
2013-Q3,APAC,Software,6449369.163824811
2013-Q3,Americas,Academic,5710184.264538719
2013-Q3,Americas,Core Test,3.1838235789135642E7
2013-Q3,Americas,Data Acquisition,3.249557084283104E7
2013-Q3,Americas,Embedded Systems,1.7648375022835784E7
2013-Q3,Americas,Global Services,2896356.964545726
2013-Q3,Americas,No Stripe Assigned,189375.07511575418
2013-Q3,Americas,RF,9550746.871197576
2013-Q3,Americas,Software,1.6471018458777202E7
2013-Q3,EMEIA,Academic,5955941.736716962
2013-Q3,EMEIA,Core Test,2.0867907851388708E7
2013-Q3,EMEIA,Data Acquisition,2.6168683286677178E7
2013-Q3,EMEIA,Embedded Systems,1.4477686798410835E7
2013-Q3,EMEIA,Global Services,2560450.7121987096
2013-Q3,EMEIA,RF,9353548.536344646
2013-Q3,EMEIA,Software,1.5982133842694556E7
2013-Q4,APAC,Academic,4416374.1413896065
2013-Q4,APAC,Core Test,1.768144734694259E7
2013-Q4,APAC,Data Acquisition,2.252786726972625E7
2013-Q4,APAC,Embedded Systems,9867196.261475261
2013-Q4,APAC,Global Services,2172692.8756170897
2013-Q4,APAC,RF,5157161.3426839225
2013-Q4,APAC,Software,7890504.753661911
2013-Q4,Americas,Academic,4773566.454665941
2013-Q4,Americas,Core Test,2.6568242999071162E7
2013-Q4,Americas,Data Acquisition,3.423406669078628E7
2013-Q4,Americas,Embedded Systems,1.824505631398059E7
2013-Q4,Americas,Global Services,2666180.4260651115
2013-Q4,Americas,No Stripe Assigned,161640.3489630182
2013-Q4,Americas,RF,6341774.07472297
2013-Q4,Americas,Software,1.7520571621957034E7
2013-Q4,EMEIA,Academic,6990939.553468352
2013-Q4,EMEIA,Core Test,2.1932872619652074E7
2013-Q4,EMEIA,Data Acquisition,2.9531246717077516E7
2013-Q4,EMEIA,Embedded Systems,1.7930624339305963E7
2013-Q4,EMEIA,Global Services,2870567.0759745436
2013-Q4,EMEIA,RF,8758861.320289597
2013-Q4,EMEIA,Software,2.0992725523657653E7
2014-Q1,APAC,Academic,3240504.1343411915
2014-Q1,APAC,Core Test,1.4697045625075646E7
2014-Q1,APAC,Data Acquisition,2.2891980206580587E7
2014-Q1,APAC,Embedded Systems,8003362.1772979535
2014-Q1,APAC,Global Services,1826841.2058174412
2014-Q1,APAC,RF,4081309.6155647943
2014-Q1,APAC,Software,8021294.619147369
2014-Q1,Americas,Academic,4481417.89865008
2014-Q1,Americas,Core Test,2.929464541536586E7
2014-Q1,Americas,Data Acquisition,2.8365335205266323E7
2014-Q1,Americas,Embedded Systems,1.6314273403804053E7
2014-Q1,Americas,Global Services,2393782.2381471996
2014-Q1,Americas,No Stripe Assigned,37550.88517191628
2014-Q1,Americas,RF,7511948.164651836
2014-Q1,Americas,Software,1.746886669304695E7
2014-Q1,EMEIA,Academic,6062325.623031874
2014-Q1,EMEIA,Core Test,2.18864938319732E7
2014-Q1,EMEIA,Data Acquisition,2.827972227200695E7
2014-Q1,EMEIA,Embedded Systems,1.6113151477763271E7
2014-Q1,EMEIA,Global Services,3132360.3112734384
2014-Q1,EMEIA,No Stripe Assigned,3707.373459808716
2014-Q1,EMEIA,RF,9890714.18754004
2014-Q1,EMEIA,Software,2.0886635955208477E7
2014-Q2,APAC,Academic,3114910.3565789917
2014-Q2,APAC,Core Test,1.7646623139255553E7
2014-Q2,APAC,Data Acquisition,2.6027476544007547E7
2014-Q2,APAC,Embedded Systems,9702350.338254638
2014-Q2,APAC,Global Services,1656099.8458435899
2014-Q2,APAC,No Stripe Assigned,56561.32417604449
2014-Q2,APAC,RF,5560305.831014523
2014-Q2,APAC,Software,7214533.2599409195
2014-Q2,Americas,Academic,6110458.19507643
2014-Q2,Americas,Core Test,2.7777340339698635E7
2014-Q2,Americas,Data Acquisition,3.0811682212873664E7
2014-Q2,Americas,Embedded Systems,1.8256209651079237E7
2014-Q2,Americas,Global Services,2911837.377402602
2014-Q2,Americas,No Stripe Assigned,2349.1091651676256
2014-Q2,Americas,RF,8299958.515921613
2014-Q2,Americas,Software,1.5814894777101217E7
2014-Q2,EMEIA,Academic,6756403.084119863
2014-Q2,EMEIA,Core Test,2.422284012354795E7
2014-Q2,EMEIA,Data Acquisition,2.617225191576182E7
2014-Q2,EMEIA,Embedded Systems,1.6406893734667197E7
2014-Q2,EMEIA,Global Services,3436401.25336245
2014-Q2,EMEIA,No Stripe Assigned,77409.65469271562
2014-Q2,EMEIA,RF,1.010433631406245E7
2014-Q2,EMEIA,Software,1.7457611460787155E7
2014-Q3,APAC,Academic,2741867.4013668206
2014-Q3,APAC,Core Test,1.7993519743884355E7
2014-Q3,APAC,Data Acquisition,2.4980393151406396E7
2014-Q3,APAC,Embedded Systems,1.0027676887467073E7
2014-Q3,APAC,Global Services,2298821.431749563
2014-Q3,APAC,No Stripe Assigned,23825.948490471706
2014-Q3,APAC,RF,5482816.2159152785
2014-Q3,APAC,Software,6886273.63354618
2014-Q3,Americas,Academic,5235771.367094566
2014-Q3,Americas,Core Test,2.7608507582435753E7
2014-Q3,Americas,Data Acquisition,3.1744000372032292E7
2014-Q3,Americas,Embedded Systems,2.001623225871481E7
2014-Q3,Americas,Global Services,3197806.466284163
2014-Q3,Americas,No Stripe Assigned,25437.226985904526
2014-Q3,Americas,RF,1.1875038881339027E7
2014-Q3,Americas,Software,1.6448920287568772E7
2014-Q3,EMEIA,Academic,5506374.978355312
2014-Q3,EMEIA,Core Test,2.2636230246544007E7
2014-Q3,EMEIA,Data Acquisition,2.6779272099109326E7
2014-Q3,EMEIA,Embedded Systems,1.5682881108931929E7
2014-Q3,EMEIA,Global Services,2773586.142554224
2014-Q3,EMEIA,Horizontal Products,161.67932343834156
2014-Q3,EMEIA,RF,6609887.5702307625
2014-Q3,EMEIA,Software,1.6702498831894454E7
2014-Q4,APAC,Academic,4455479.66693267
2014-Q4,APAC,Core Test,2.156740347862312E7
2014-Q4,APAC,Data Acquisition,2.8440832986998323E7
2014-Q4,APAC,Embedded Systems,1.0416430296843138E7
2014-Q4,APAC,Global Services,2398419.332165781
2014-Q4,APAC,No Stripe Assigned,6083.7152468900995
2014-Q4,APAC,RF,7215541.017911187
2014-Q4,APAC,Software,7544869.840478168
2014-Q4,Americas,Academic,5692148.859882831
2014-Q4,Americas,Core Test,2.9719443578993257E7
2014-Q4,Americas,Data Acquisition,3.0263744045122925E7
2014-Q4,Americas,Embedded Systems,1.995892689960568E7
2014-Q4,Americas,Global Services,3391178.9257418527
2014-Q4,Americas,No Stripe Assigned,5226.433831245161
2014-Q4,Americas,RF,9734378.72168553
2014-Q4,Americas,Software,2.0269716990303785E7
2014-Q4,EMEIA,Academic,6727594.658213065
2014-Q4,EMEIA,Core Test,2.6774685359376203E7
2014-Q4,EMEIA,Data Acquisition,3.0929008795945164E7
2014-Q4,EMEIA,Embedded Systems,1.7876400704916894E7
2014-Q4,EMEIA,Global Services,3826474.701860773
2014-Q4,EMEIA,No Stripe Assigned,5794.609121968008
2014-Q4,EMEIA,RF,1.0434582572338192E7
2014-Q4,EMEIA,Software,2.180629829078112E7
2015-Q1,APAC,Academic,3012965.3560700975
2015-Q1,APAC,Core Test,1.830789492762854E7
2015-Q1,APAC,Data Acquisition,2.3323674582159307E7
2015-Q1,APAC,Embedded Systems,7518980.398936946
2015-Q1,APAC,Global Services,2141150.1612546598
2015-Q1,APAC,No Stripe Assigned,587.5770149782925
2015-Q1,APAC,RF,7551900.854873271
2015-Q1,APAC,Software,7540439.641311212
2015-Q1,Americas,Academic,4679398.013508959
2015-Q1,Americas,Core Test,2.7632682633257102E7
2015-Q1,Americas,Data Acquisition,2.75824719943931E7
2015-Q1,Americas,Embedded Systems,1.597379797320943E7
2015-Q1,Americas,Global Services,2970630.6329811597
2015-Q1,Americas,No Stripe Assigned,61.81947607255996
2015-Q1,Americas,RF,1.2637611484232068E7
2015-Q1,Americas,Software,1.6199792795567298E7
2015-Q1,EMEIA,Academic,5308180.938251605
2015-Q1,EMEIA,Core Test,2.0894717170926325E7
2015-Q1,EMEIA,Data Acquisition,2.5596154686336495E7
2015-Q1,EMEIA,Embedded Systems,1.404366716666527E7
2015-Q1,EMEIA,Global Services,3173814.6430040193
2015-Q1,EMEIA,No Stripe Assigned,502.9142584898979
2015-Q1,EMEIA,RF,9333010.97760742
2015-Q1,EMEIA,Software,1.96511041655124E7
2015-Q2,APAC,Academic,3423805.5672365106
2015-Q2,APAC,Core Test,1.8222275717339635E7
2015-Q2,APAC,Data Acquisition,2.4989032437355027E7
2015-Q2,APAC,Embedded Systems,8868841.101522906
2015-Q2,APAC,Global Services,1741119.3279969818
2015-Q2,APAC,No Stripe Assigned,18033.747132545053
2015-Q2,APAC,RF,8561385.77842392
2015-Q2,APAC,Software,7639478.346101513
2015-Q2,Americas,Academic,5527094.211849853
2015-Q2,Americas,Core Test,3.0548257411426727E7
2015-Q2,Americas,Data Acquisition,3.224708302077599E7
2015-Q2,Americas,Embedded Systems,1.4621940787585486E7
2015-Q2,Americas,Global Services,3052529.521061239
2015-Q2,Americas,No Stripe Assigned,16953.914992153364
2015-Q2,Americas,RF,1.0051080593476795E7
2015-Q2,Americas,Software,1.683094282743706E7
2015-Q2,EMEIA,Academic,5025558.564431747
2015-Q2,EMEIA,Core Test,1.9483158101407543E7
2015-Q2,EMEIA,Data Acquisition,2.5117658298865687E7
2015-Q2,EMEIA,Embedded Systems,1.3651297754158257E7
2015-Q2,EMEIA,Global Services,3130405.250877811
2015-Q2,EMEIA,No Stripe Assigned,2275.7015806683175
2015-Q2,EMEIA,RF,8533170.86357406
2015-Q2,EMEIA,Software,1.4976363685489167E7
2015-Q3,APAC,Academic,3648827.5434462414
2015-Q3,APAC,Core Test,1.902943724995587E7
2015-Q3,APAC,Data Acquisition,2.6038959817373E7
2015-Q3,APAC,Embedded Systems,9011170.126624241
2015-Q3,APAC,Global Services,1657312.652002915
2015-Q3,APAC,RF,6554372.703258773
2015-Q3,APAC,Software,5884817.418535571
2015-Q3,Americas,Academic,5994225.064297797
2015-Q3,Americas,Core Test,3.1333753806799322E7
2015-Q3,Americas,Data Acquisition,3.0941515918870836E7
2015-Q3,Americas,Embedded Systems,1.5159536499246892E7
2015-Q3,Americas,Global Services,3225662.6970892074
2015-Q3,Americas,No Stripe Assigned,90126.5250520334
2015-Q3,Americas,RF,1.0492673215000119E7
2015-Q3,Americas,Software,1.6707289957712676E7
2015-Q3,EMEIA,Academic,5419484.077717873
2015-Q3,EMEIA,Core Test,1.882717232391338E7
2015-Q3,EMEIA,Data Acquisition,2.3780591340360153E7
2015-Q3,EMEIA,Embedded Systems,1.3856779475174874E7
2015-Q3,EMEIA,Global Services,2670600.9181927736
2015-Q3,EMEIA,Horizontal Products,152.29957360841877
2015-Q3,EMEIA,No Stripe Assigned,58.775052033394914
2015-Q3,EMEIA,RF,9933902.091823852
2015-Q3,EMEIA,Software,1.4589180317003466E7
2015-Q4,APAC,Academic,4460206.511762805
2015-Q4,APAC,Core Test,2.2795501137369942E7
2015-Q4,APAC,Data Acquisition,2.695152203635387E7
2015-Q4,APAC,Embedded Systems,9961176.475931982
2015-Q4,APAC,Global Services,2469770.438599689
2015-Q4,APAC,No Stripe Assigned,29129.544843174368
2015-Q4,APAC,RF,9178019.773910526
2015-Q4,APAC,Software,7466987.379913677
2015-Q4,Americas,Academic,5500794.7734864745
2015-Q4,Americas,Core Test,2.7891284375843126E7
2015-Q4,Americas,Data Acquisition,3.0509748838522222E7
2015-Q4,Americas,Embedded Systems,1.5595301007180152E7
2015-Q4,Americas,Global Services,3264221.1310816193
2015-Q4,Americas,No Stripe Assigned,136684.44302132702
2015-Q4,Americas,RF,1.0423914358598616E7
2015-Q4,Americas,Software,2.012167151274901E7
2015-Q4,EMEIA,Academic,5429938.417909035
2015-Q4,EMEIA,Core Test,2.4818690992759917E7
2015-Q4,EMEIA,Data Acquisition,2.820441166581469E7
2015-Q4,EMEIA,Embedded Systems,1.754627685227274E7
2015-Q4,EMEIA,Global Services,3316119.045226935
2015-Q4,EMEIA,No Stripe Assigned,66143.66543081537
2015-Q4,EMEIA,RF,1.3297328583577268E7
2015-Q4,EMEIA,Software,2.0979682353025276E7
2016-Q1,APAC,Academic,2477445.8548996253
2016-Q1,APAC,Core Test,1.7154169254394542E7
2016-Q1,APAC,Data Acquisition,1.9261303548106972E7
2016-Q1,APAC,Embedded Systems,6801527.532894012
2016-Q1,APAC,Global Services,1897812.1311420363
2016-Q1,APAC,No Stripe Assigned,14690.900371900956
2016-Q1,APAC,RF,5881079.1061845645
2016-Q1,APAC,Software,5701437.9639156
2016-Q1,Americas,Academic,2949260.7889645686
2016-Q1,Americas,Core Test,1.7329858652785003E7
2016-Q1,Americas,Data Acquisition,1.9937493660014935E7
2016-Q1,Americas,Embedded Systems,1.0396205427117154E7
2016-Q1,Americas,Global Services,2043635.5041406103
2016-Q1,Americas,No Stripe Assigned,96581.1799428991
2016-Q1,Americas,RF,6522153.118702688
2016-Q1,Americas,Software,1.2908797070038721E7
2016-Q1,EMEIA,Academic,3017453.050965981
2016-Q1,EMEIA,Core Test,1.507247702152857E7
2016-Q1,EMEIA,Data Acquisition,1.8676866695846945E7
2016-Q1,EMEIA,Embedded Systems,9254619.453006247
2016-Q1,EMEIA,Global Services,2311051.690635223
2016-Q1,EMEIA,No Stripe Assigned,35413.01815900831
2016-Q1,EMEIA,RF,5628488.058323754
2016-Q1,EMEIA,Software,1.5045800838055633E7
